<DATE>,<TIME>,<OPEN>,<HIGH>,<LOW>,<CLOSE>,<VOL>
20210222,021000,2.9500000,2.9800000,2.9500000,2.9800000,11
20210222,023000,2.9650000,2.9650000,2.9650000,2.9650000,1
20210222,024000,2.9650000,2.9650000,2.9650000,2.9650000,1
20210222,025000,2.9700000,2.9700000,2.9600000,2.9600000,6
20210222,030000,2.9600000,2.9600000,2.9550000,2.9550000,2
20210222,034000,2.9650000,2.9650000,2.9600000,2.9600000,11
20210222,035000,2.9600000,2.9600000,2.9600000,2.9600000,1
20210222,040000,2.9650000,2.9650000,2.9650000,2.9650000,2
20210222,042000,2.9600000,2.9600000,2.9600000,2.9600000,1
20210222,045000,2.9600000,2.9600000,2.9600000,2.9600000,1
20210222,063000,2.9650000,2.9650000,2.9650000,2.9650000,1
20210222,085000,2.9600000,2.9600000,2.9500000,2.9500000,4
20210222,090000,2.9500000,2.9500000,2.9500000,2.9500000,1
20210222,091000,2.9500000,2.9500000,2.9500000,2.9500000,3
20210222,100000,2.9400000,2.9400000,2.9400000,2.9400000,5
20210222,103000,2.9400000,2.9400000,2.9400000,2.9400000,1
20210222,122000,2.9350000,2.9350000,2.9350000,2.9350000,2
20210222,123000,2.9300000,2.9300000,2.9300000,2.9300000,8
20210222,124000,2.9300000,2.9300000,2.9300000,2.9300000,1
20210222,131000,2.9400000,2.9400000,2.9350000,2.9350000,8
20210222,133000,2.9450000,2.9450000,2.9450000,2.9450000,1
20210222,134000,2.9400000,2.9400000,2.9400000,2.9400000,2
20210222,142000,2.9300000,2.9300000,2.9300000,2.9300000,1
20210222,143000,2.9150000,2.9150000,2.9100000,2.9100000,3
20210222,144000,2.9200000,2.9200000,2.9200000,2.9200000,1
20210222,145000,2.9150000,2.9150000,2.9150000,2.9150000,1
20210222,150000,2.9200000,2.9200000,2.9200000,2.9200000,1
20210222,151000,2.9150000,2.9150000,2.9150000,2.9150000,1
20210222,152000,2.9050000,2.9050000,2.9000000,2.9000000,5
20210222,154000,2.9050000,2.9050000,2.9050000,2.9050000,9
20210222,155000,2.9000000,2.9000000,2.9000000,2.9000000,1
20210222,160000,2.9050000,2.9050000,2.9050000,2.9050000,2
20210222,161000,2.9000000,2.9050000,2.9000000,2.9050000,11
20210222,163000,2.9000000,2.9000000,2.9000000,2.9000000,1
20210222,164000,2.9050000,2.9050000,2.9050000,2.9050000,2
20210222,165000,2.9050000,2.9050000,2.9050000,2.9050000,1
20210222,170000,2.9050000,2.9050000,2.9050000,2.9050000,1
20210222,171000,2.8950000,2.8950000,2.8950000,2.8950000,1
20210222,172000,2.9200000,2.9250000,2.9200000,2.9200000,15
20210222,175000,2.9300000,2.9300000,2.9200000,2.9200000,2
20210222,182000,2.9100000,2.9100000,2.9000000,2.9100000,9
20210222,183000,2.9150000,2.9150000,2.9050000,2.9100000,5
20210222,184000,2.9150000,2.9150000,2.9150000,2.9150000,3
20210222,195000,2.9050000,2.9050000,2.9050000,2.9050000,2
20210222,200000,2.9050000,2.9050000,2.9000000,2.9000000,3
20210222,201000,2.9050000,2.9100000,2.9050000,2.9100000,2
20210222,202000,2.9150000,2.9150000,2.9150000,2.9150000,1
20210222,204000,2.9200000,2.9300000,2.9200000,2.9300000,3
20210222,211000,2.9300000,2.9300000,2.9300000,2.9300000,2
20210222,212000,2.9350000,2.9350000,2.9350000,2.9350000,1
20210222,213000,2.9450000,2.9500000,2.9450000,2.9500000,6
20210222,214000,2.9550000,2.9550000,2.9550000,2.9550000,2
20210222,220000,2.9450000,2.9600000,2.9450000,2.9600000,19
20210222,221000,2.9600000,2.9600000,2.9600000,2.9600000,5
20210222,222000,2.9700000,2.9800000,2.9700000,2.9800000,3
20210222,223000,2.9600000,2.9600000,2.9600000,2.9600000,1
20210222,224000,2.9600000,2.9600000,2.9600000,2.9600000,1
20210222,225000,2.9450000,2.9450000,2.9450000,2.9450000,1
20210222,233000,2.9500000,2.9500000,2.9500000,2.9500000,1
20210222,235000,2.9500000,2.9500000,2.9450000,2.9450000,2
20210223,041000,2.9450000,2.9450000,2.9450000,2.9450000,3
20210223,061000,2.9400000,2.9400000,2.9400000,2.9400000,4
20210223,063000,2.9350000,2.9350000,2.9350000,2.9350000,1
20210223,064000,2.9350000,2.9350000,2.9350000,2.9350000,1
20210223,071000,2.9400000,2.9400000,2.9400000,2.9400000,4
20210223,073000,2.9400000,2.9400000,2.9400000,2.9400000,1
20210223,075000,2.9350000,2.9350000,2.9350000,2.9350000,1
20210223,082000,2.9450000,2.9450000,2.9450000,2.9450000,2
20210223,091000,2.9500000,2.9500000,2.9500000,2.9500000,3
20210223,093000,2.9400000,2.9400000,2.9400000,2.9400000,1
20210223,094000,2.9300000,2.9300000,2.9250000,2.9300000,8
20210223,100000,2.9200000,2.9200000,2.9150000,2.9150000,3
20210223,101000,2.9100000,2.9100000,2.9050000,2.9050000,4
20210223,102000,2.9050000,2.9100000,2.9000000,2.9000000,13
20210223,103000,2.9200000,2.9250000,2.9200000,2.9250000,4
20210223,104000,2.9350000,2.9350000,2.9350000,2.9350000,6
20210223,111000,2.9200000,2.9200000,2.9200000,2.9200000,1
20210223,112000,2.9200000,2.9200000,2.9200000,2.9200000,1
20210223,113000,2.9150000,2.9150000,2.9100000,2.9100000,2
20210223,115000,2.9200000,2.9200000,2.9200000,2.9200000,1
20210223,121000,2.9200000,2.9200000,2.9150000,2.9150000,8
20210223,122000,2.9150000,2.9150000,2.9100000,2.9150000,4
20210223,123000,2.9200000,2.9200000,2.9200000,2.9200000,2
20210223,125000,2.9150000,2.9150000,2.9150000,2.9150000,1
20210223,130000,2.9250000,2.9250000,2.9250000,2.9250000,4
20210223,131000,2.9200000,2.9200000,2.9200000,2.9200000,3
20210223,133000,2.9250000,2.9350000,2.9250000,2.9350000,11
20210223,134000,2.9350000,2.9350000,2.9350000,2.9350000,3
20210223,135000,2.9400000,2.9400000,2.9350000,2.9350000,12
20210223,140000,2.9400000,2.9450000,2.9400000,2.9450000,5
20210223,142000,2.9400000,2.9400000,2.9350000,2.9350000,2
20210223,144000,2.9250000,2.9250000,2.9250000,2.9250000,3
20210223,145000,2.9350000,2.9350000,2.9150000,2.9150000,15
20210223,150000,2.9150000,2.9150000,2.9150000,2.9150000,1
20210223,151000,2.9100000,2.9100000,2.9100000,2.9100000,8
20210223,152000,2.9100000,2.9100000,2.9000000,2.9050000,10
20210223,153000,2.9100000,2.9100000,2.9050000,2.9050000,3
20210223,154000,2.9150000,2.9150000,2.9050000,2.9050000,5
20210223,155000,2.9050000,2.9100000,2.9050000,2.9100000,3
20210223,160000,2.9050000,2.9100000,2.9050000,2.9100000,2
20210223,161000,2.9050000,2.9050000,2.8900000,2.8900000,15
20210223,162000,2.8950000,2.9000000,2.8950000,2.9000000,3
20210223,163000,2.9050000,2.9100000,2.9050000,2.9100000,6
20210223,164000,2.9100000,2.9100000,2.9100000,2.9100000,4
20210223,165000,2.9050000,2.9050000,2.9000000,2.9000000,11
20210223,170000,2.9000000,2.9000000,2.8900000,2.8900000,3
20210223,171000,2.9000000,2.9100000,2.9000000,2.9050000,12
20210223,172000,2.9150000,2.9150000,2.9100000,2.9100000,10
20210223,173000,2.9150000,2.9150000,2.9100000,2.9100000,4
20210223,174000,2.9050000,2.9050000,2.8950000,2.9000000,12
20210223,175000,2.8950000,2.8950000,2.8800000,2.8800000,15
20210223,180000,2.8850000,2.8850000,2.8700000,2.8800000,40
20210223,181000,2.8800000,2.8900000,2.8800000,2.8900000,6
20210223,182000,2.8900000,2.8900000,2.8900000,2.8900000,5
20210223,183000,2.8900000,2.8900000,2.8900000,2.8900000,11
20210223,184000,2.8850000,2.8850000,2.8750000,2.8750000,2
20210223,185000,2.8800000,2.8850000,2.8750000,2.8750000,9
20210223,190000,2.8750000,2.8750000,2.8750000,2.8750000,5
20210223,191000,2.8800000,2.8800000,2.8800000,2.8800000,2
20210223,192000,2.8850000,2.8900000,2.8850000,2.8850000,5
20210223,193000,2.8850000,2.8900000,2.8850000,2.8900000,9
20210223,194000,2.8950000,2.9000000,2.8950000,2.9000000,16
20210223,195000,2.9000000,2.9000000,2.9000000,2.9000000,8
20210223,200000,2.9000000,2.9000000,2.8900000,2.8900000,4
20210223,201000,2.8850000,2.8900000,2.8850000,2.8900000,5
20210223,202000,2.8950000,2.8950000,2.8950000,2.8950000,4
20210223,203000,2.8950000,2.9000000,2.8950000,2.9000000,12
20210223,204000,2.9000000,2.9000000,2.9000000,2.9000000,1
20210223,205000,2.9050000,2.9050000,2.9000000,2.9050000,9
20210223,210000,2.9100000,2.9100000,2.9000000,2.9000000,8
20210223,211000,2.9000000,2.9000000,2.9000000,2.9000000,1
20210223,212000,2.9050000,2.9100000,2.9050000,2.9100000,2
20210223,213000,2.9100000,2.9150000,2.9100000,2.9100000,5
20210223,215000,2.9000000,2.9000000,2.9000000,2.9000000,3
20210223,221000,2.9000000,2.9000000,2.9000000,2.9000000,2
20210223,222000,2.9000000,2.9000000,2.8950000,2.8950000,5
20210223,223000,2.8950000,2.8950000,2.8800000,2.8850000,25
20210223,224000,2.8850000,2.8850000,2.8850000,2.8850000,6
20210223,225000,2.8850000,2.8850000,2.8850000,2.8850000,4
20210223,230000,2.8850000,2.8850000,2.8850000,2.8850000,1
20210223,231000,2.8900000,2.8900000,2.8900000,2.8900000,1
20210223,232000,2.8950000,2.8950000,2.8950000,2.8950000,4
20210223,234000,2.8950000,2.8950000,2.8900000,2.8900000,2
20210224,002000,2.8900000,2.8900000,2.8900000,2.8900000,6
20210224,021000,2.8950000,2.8950000,2.8950000,2.8950000,1
20210224,022000,2.8950000,2.8950000,2.8950000,2.8950000,1
20210224,032000,2.8800000,2.8800000,2.8800000,2.8800000,1
20210224,044000,2.8850000,2.8850000,2.8850000,2.8850000,1
20210224,054000,2.8850000,2.8850000,2.8850000,2.8850000,3
20210224,060000,2.8850000,2.8850000,2.8850000,2.8850000,1
20210224,070000,2.8800000,2.8800000,2.8700000,2.8750000,13
20210224,071000,2.8750000,2.8750000,2.8750000,2.8750000,1
20210224,072000,2.8700000,2.8700000,2.8650000,2.8700000,30
20210224,073000,2.8700000,2.8700000,2.8700000,2.8700000,6
20210224,081000,2.8700000,2.8700000,2.8700000,2.8700000,1
20210224,084000,2.8650000,2.8650000,2.8550000,2.8600000,8
20210224,090000,2.8600000,2.8600000,2.8600000,2.8600000,2
20210224,091000,2.8550000,2.8550000,2.8550000,2.8550000,1
20210224,092000,2.8550000,2.8550000,2.8550000,2.8550000,2
20210224,095000,2.8600000,2.8600000,2.8600000,2.8600000,1
20210224,100000,2.8550000,2.8550000,2.8550000,2.8550000,1
20210224,101000,2.8550000,2.8550000,2.8550000,2.8550000,2
20210224,103000,2.8550000,2.8550000,2.8550000,2.8550000,2
20210224,104000,2.8550000,2.8550000,2.8500000,2.8500000,3
20210224,105000,2.8550000,2.8550000,2.8550000,2.8550000,1
20210224,111000,2.8650000,2.8650000,2.8650000,2.8650000,5
20210224,113000,2.8650000,2.8650000,2.8650000,2.8650000,1
20210224,114000,2.8650000,2.8650000,2.8650000,2.8650000,6
20210224,115000,2.8650000,2.8650000,2.8650000,2.8650000,3
20210224,120000,2.8650000,2.8650000,2.8650000,2.8650000,2
20210224,121000,2.8650000,2.8650000,2.8650000,2.8650000,5
20210224,122000,2.8650000,2.8650000,2.8650000,2.8650000,3
20210224,123000,2.8650000,2.8650000,2.8650000,2.8650000,2
20210224,124000,2.8650000,2.8650000,2.8650000,2.8650000,3
20210224,130000,2.8600000,2.8600000,2.8600000,2.8600000,1
20210224,131000,2.8650000,2.8650000,2.8650000,2.8650000,4
20210224,132000,2.8600000,2.8600000,2.8600000,2.8600000,1
20210224,134000,2.8600000,2.8600000,2.8600000,2.8600000,3
20210224,141000,2.8550000,2.8650000,2.8550000,2.8650000,12
20210224,151000,2.8650000,2.8650000,2.8650000,2.8650000,2
20210224,153000,2.8750000,2.8750000,2.8750000,2.8750000,4
20210224,154000,2.8750000,2.8750000,2.8750000,2.8750000,1
20210224,155000,2.8750000,2.8850000,2.8750000,2.8850000,12
20210224,160000,2.8700000,2.8700000,2.8700000,2.8700000,1
20210224,161000,2.8750000,2.8750000,2.8700000,2.8700000,6
20210224,162000,2.8650000,2.8650000,2.8600000,2.8650000,7
20210224,163000,2.8600000,2.8600000,2.8550000,2.8600000,8
20210224,164000,2.8600000,2.8600000,2.8600000,2.8600000,3
20210224,165000,2.8600000,2.8600000,2.8600000,2.8600000,1
20210224,171000,2.8550000,2.8650000,2.8550000,2.8650000,2
20210224,172000,2.8650000,2.8650000,2.8650000,2.8650000,1
20210224,173000,2.8650000,2.8650000,2.8650000,2.8650000,1
20210224,174000,2.8700000,2.8700000,2.8650000,2.8650000,4
20210224,175000,2.8600000,2.8650000,2.8600000,2.8650000,4
20210224,180000,2.8600000,2.8600000,2.8550000,2.8550000,4
20210224,181000,2.8650000,2.8650000,2.8600000,2.8600000,2
20210224,182000,2.8550000,2.8600000,2.8550000,2.8600000,4
20210224,183000,2.8550000,2.8550000,2.8550000,2.8550000,3
20210224,184000,2.8500000,2.8550000,2.8500000,2.8550000,3
20210224,190000,2.8550000,2.8550000,2.8550000,2.8550000,3
20210224,191000,2.8550000,2.8550000,2.8550000,2.8550000,2
20210224,193000,2.8650000,2.8650000,2.8600000,2.8600000,5
20210224,194000,2.8600000,2.8600000,2.8600000,2.8600000,2
20210224,195000,2.8550000,2.8550000,2.8550000,2.8550000,1
20210224,200000,2.8550000,2.8600000,2.8550000,2.8600000,4
20210224,201000,2.8600000,2.8650000,2.8600000,2.8650000,7
20210224,203000,2.8550000,2.8550000,2.8550000,2.8550000,1
20210224,204000,2.8600000,2.8600000,2.8600000,2.8600000,2
20210224,205000,2.8550000,2.8550000,2.8550000,2.8550000,1
20210224,210000,2.8600000,2.8600000,2.8550000,2.8550000,2
20210224,211000,2.8500000,2.8500000,2.8500000,2.8500000,2
20210224,212000,2.8500000,2.8500000,2.8400000,2.8450000,8
20210224,213000,2.8450000,2.8450000,2.8250000,2.8250000,6
20210224,214000,2.8300000,2.8300000,2.8250000,2.8300000,9
20210224,215000,2.8250000,2.8300000,2.8250000,2.8300000,5
20210224,220000,2.8300000,2.8300000,2.8300000,2.8300000,2
20210224,221000,2.8400000,2.8400000,2.8300000,2.8350000,5
20210224,222000,2.8350000,2.8400000,2.8350000,2.8350000,4
20210224,223000,2.8300000,2.8350000,2.8150000,2.8200000,12
20210224,224000,2.8300000,2.8300000,2.8200000,2.8300000,6
20210224,225000,2.8300000,2.8300000,2.8300000,2.8300000,2
20210224,230000,2.8300000,2.8350000,2.8300000,2.8350000,3
20210224,231000,2.8300000,2.8300000,2.8300000,2.8300000,1
20210224,234000,2.8300000,2.8300000,2.8300000,2.8300000,6
20210225,000000,2.8350000,2.8350000,2.8300000,2.8300000,3
20210225,001000,2.8300000,2.8300000,2.8300000,2.8300000,1
20210225,004000,2.8300000,2.8300000,2.8300000,2.8300000,5
20210225,005000,2.8300000,2.8300000,2.8300000,2.8300000,2
20210225,015000,2.8200000,2.8200000,2.8200000,2.8200000,1
20210225,022000,2.8350000,2.8350000,2.8350000,2.8350000,1
20210225,041000,2.8300000,2.8300000,2.8250000,2.8250000,4
20210225,042000,2.8200000,2.8200000,2.8200000,2.8200000,4
20210225,051000,2.8250000,2.8250000,2.8250000,2.8250000,9
20210225,060000,2.8250000,2.8250000,2.8250000,2.8250000,2
20210225,061000,2.8250000,2.8250000,2.8250000,2.8250000,1
20210225,063000,2.8250000,2.8250000,2.8250000,2.8250000,1
20210225,064000,2.8250000,2.8250000,2.8250000,2.8250000,1
20210225,082000,2.8250000,2.8250000,2.8250000,2.8250000,2
20210225,084000,2.8250000,2.8250000,2.8250000,2.8250000,1
20210225,094000,2.8250000,2.8250000,2.8250000,2.8250000,3
20210225,100000,2.8350000,2.8350000,2.8350000,2.8350000,2
20210225,101000,2.8350000,2.8400000,2.8350000,2.8400000,7
20210225,102000,2.8400000,2.8400000,2.8400000,2.8400000,1
20210225,103000,2.8350000,2.8400000,2.8250000,2.8400000,9
20210225,104000,2.8450000,2.8450000,2.8450000,2.8450000,4
20210225,105000,2.8450000,2.8550000,2.8450000,2.8550000,13
20210225,110000,2.8550000,2.8700000,2.8550000,2.8650000,15
20210225,111000,2.8650000,2.8650000,2.8650000,2.8650000,2
20210225,112000,2.8650000,2.8650000,2.8650000,2.8650000,1
20210225,113000,2.8700000,2.8700000,2.8700000,2.8700000,5
20210225,114000,2.8650000,2.8650000,2.8650000,2.8650000,6
20210225,115000,2.8650000,2.8650000,2.8650000,2.8650000,1
20210225,120000,2.8650000,2.8650000,2.8650000,2.8650000,1
20210225,121000,2.8600000,2.8600000,2.8600000,2.8600000,1
20210225,125000,2.8650000,2.8750000,2.8650000,2.8700000,37
20210225,130000,2.8700000,2.8700000,2.8700000,2.8700000,4
20210225,131000,2.8650000,2.8700000,2.8650000,2.8700000,2
20210225,132000,2.8700000,2.8700000,2.8700000,2.8700000,3
20210225,140000,2.8650000,2.8650000,2.8650000,2.8650000,3
20210225,141000,2.8600000,2.8600000,2.8600000,2.8600000,8
20210225,142000,2.8650000,2.8650000,2.8650000,2.8650000,1
20210225,143000,2.8650000,2.8700000,2.8650000,2.8700000,4
20210225,144000,2.8700000,2.8800000,2.8700000,2.8800000,8
20210225,145000,2.8750000,2.8750000,2.8700000,2.8700000,2
20210225,150000,2.8700000,2.8700000,2.8700000,2.8700000,1
20210225,151000,2.8700000,2.8700000,2.8700000,2.8700000,1
20210225,152000,2.8750000,2.8750000,2.8650000,2.8650000,14
20210225,153000,2.8600000,2.8650000,2.8600000,2.8650000,4
20210225,155000,2.8700000,2.8700000,2.8700000,2.8700000,3
20210225,161000,2.8600000,2.8600000,2.8600000,2.8600000,1
20210225,164000,2.8500000,2.8500000,2.8400000,2.8400000,3
20210225,165000,2.8400000,2.8400000,2.8350000,2.8350000,3
20210225,170000,2.8350000,2.8350000,2.8300000,2.8350000,7
20210225,171000,2.8350000,2.8350000,2.8250000,2.8350000,8
20210225,172000,2.8300000,2.8300000,2.8300000,2.8300000,6
20210225,173000,2.8250000,2.8250000,2.8100000,2.8100000,16
20210225,174000,2.8150000,2.8150000,2.8000000,2.8050000,15
20210225,175000,2.8150000,2.8400000,2.8150000,2.8350000,17
20210225,180000,2.8350000,2.8350000,2.8250000,2.8350000,9
20210225,182000,2.8350000,2.8400000,2.8350000,2.8400000,5
20210225,183000,2.8400000,2.8400000,2.8350000,2.8350000,5
20210225,184000,2.8550000,2.8550000,2.8150000,2.8250000,18
20210225,185000,2.8250000,2.8300000,2.8250000,2.8300000,10
20210225,190000,2.8250000,2.8250000,2.8200000,2.8200000,7
20210225,191000,2.8200000,2.8200000,2.8150000,2.8150000,2
20210225,192000,2.8150000,2.8150000,2.8150000,2.8150000,8
20210225,193000,2.8200000,2.8200000,2.8200000,2.8200000,2
20210225,194000,2.8200000,2.8200000,2.8200000,2.8200000,1
20210225,195000,2.8150000,2.8200000,2.8100000,2.8100000,11
20210225,200000,2.8100000,2.8150000,2.8100000,2.8150000,4
20210225,201000,2.8150000,2.8300000,2.8150000,2.8300000,9
20210225,202000,2.8300000,2.8300000,2.8300000,2.8300000,2
20210225,203000,2.8250000,2.8300000,2.8250000,2.8300000,4
20210225,204000,2.8250000,2.8250000,2.8250000,2.8250000,1
20210225,205000,2.8250000,2.8250000,2.8250000,2.8250000,1
20210225,210000,2.8150000,2.8150000,2.8150000,2.8150000,1
20210225,212000,2.8150000,2.8150000,2.8150000,2.8150000,3
20210225,213000,2.8100000,2.8100000,2.8100000,2.8100000,1
20210225,222000,2.8100000,2.8100000,2.8050000,2.8050000,3
20210225,223000,2.8150000,2.8150000,2.8050000,2.8050000,5
20210225,224000,2.8000000,2.8100000,2.8000000,2.8000000,11
20210225,225000,2.8000000,2.8000000,2.8000000,2.8000000,3
20210225,230000,2.8050000,2.8050000,2.8000000,2.8000000,5
20210225,231000,2.8000000,2.8000000,2.8000000,2.8000000,1
20210225,234000,2.8050000,2.8050000,2.8000000,2.8000000,2
20210225,235000,2.8000000,2.8000000,2.8000000,2.8000000,6
20210226,001000,2.8000000,2.8000000,2.8000000,2.8000000,1
20210226,003000,2.8000000,2.8000000,2.8000000,2.8000000,3
20210226,004000,2.8000000,2.8000000,2.8000000,2.8000000,7
20210226,005000,2.8050000,2.8050000,2.8050000,2.8050000,2
20210226,015000,2.8100000,2.8100000,2.8100000,2.8100000,2
20210226,022000,2.8050000,2.8050000,2.8050000,2.8050000,2
20210226,025000,2.7950000,2.7950000,2.7950000,2.7950000,3
20210226,033000,2.7900000,2.7900000,2.7900000,2.7900000,1
20210226,053000,2.7900000,2.7900000,2.7900000,2.7900000,2
20210226,064000,2.7950000,2.7950000,2.7950000,2.7950000,1
20210226,065000,2.8000000,2.8000000,2.8000000,2.8000000,2
20210226,071000,2.8050000,2.8050000,2.8000000,2.8000000,3
20210226,072000,2.8000000,2.8000000,2.8000000,2.8000000,1
20210226,080000,2.7950000,2.7950000,2.7950000,2.7950000,3
20210226,081000,2.7950000,2.8000000,2.7950000,2.8000000,2
20210226,083000,2.7900000,2.7950000,2.7850000,2.7950000,15
20210226,085000,2.7850000,2.7850000,2.7850000,2.7850000,1
20210226,090000,2.7800000,2.7800000,2.7800000,2.7800000,5
20210226,091000,2.7750000,2.7800000,2.7750000,2.7800000,5
20210226,094000,2.7800000,2.7800000,2.7700000,2.7700000,6
20210226,095000,2.7650000,2.7650000,2.7600000,2.7600000,8
20210226,100000,2.7700000,2.7700000,2.7700000,2.7700000,1
20210226,101000,2.7700000,2.7700000,2.7700000,2.7700000,6
20210226,102000,2.7750000,2.7750000,2.7750000,2.7750000,3
20210226,103000,2.7750000,2.7750000,2.7750000,2.7750000,5
20210226,114000,2.7800000,2.7800000,2.7800000,2.7800000,3
20210226,115000,2.7750000,2.7750000,2.7750000,2.7750000,2
20210226,120000,2.7800000,2.7800000,2.7800000,2.7800000,1
20210226,121000,2.7700000,2.7700000,2.7700000,2.7700000,1
20210226,122000,2.7550000,2.7550000,2.7550000,2.7550000,1
20210226,123000,2.7500000,2.7500000,2.7450000,2.7500000,23
20210226,124000,2.7500000,2.7550000,2.7500000,2.7550000,7
20210226,125000,2.7550000,2.7550000,2.7550000,2.7550000,5
20210226,130000,2.7550000,2.7550000,2.7550000,2.7550000,4
20210226,131000,2.7550000,2.7550000,2.7500000,2.7500000,3
20210226,133000,2.7500000,2.7500000,2.7500000,2.7500000,1
20210226,134000,2.7500000,2.7500000,2.7500000,2.7500000,1
20210226,141000,2.7500000,2.7500000,2.7500000,2.7500000,2
20210226,142000,2.7450000,2.7450000,2.7450000,2.7450000,1
20210226,143000,2.7500000,2.7500000,2.7500000,2.7500000,1
20210226,144000,2.7450000,2.7450000,2.7400000,2.7400000,8
20210226,145000,2.7400000,2.7450000,2.7400000,2.7450000,3
20210226,150000,2.7450000,2.7500000,2.7450000,2.7450000,12
20210226,151000,2.7550000,2.7550000,2.7550000,2.7550000,1
20210226,152000,2.7550000,2.7950000,2.7550000,2.7950000,24
20210226,153000,2.7950000,2.7950000,2.7750000,2.7750000,18
20210226,154000,2.7750000,2.7750000,2.7750000,2.7750000,2
20210226,155000,2.7750000,2.7750000,2.7750000,2.7750000,3
20210226,160000,2.7700000,2.7700000,2.7650000,2.7650000,4
20210226,161000,2.7600000,2.7600000,2.7600000,2.7600000,11
20210226,162000,2.7650000,2.7650000,2.7650000,2.7650000,3
20210226,163000,2.7700000,2.7700000,2.7650000,2.7650000,4
20210226,164000,2.7700000,2.7700000,2.7700000,2.7700000,1
20210226,165000,2.7750000,2.7750000,2.7750000,2.7750000,1
20210226,170000,2.7750000,2.7750000,2.7750000,2.7750000,3
20210226,171000,2.7650000,2.7650000,2.7550000,2.7550000,9
20210226,172000,2.7500000,2.7550000,2.7500000,2.7550000,4
20210226,173000,2.7650000,2.7700000,2.7650000,2.7700000,6
20210226,174000,2.7700000,2.7700000,2.7700000,2.7700000,3
20210226,175000,2.7700000,2.7800000,2.7700000,2.7800000,6
20210226,180000,2.7850000,2.7850000,2.7800000,2.7800000,8
20210226,181000,2.7800000,2.7800000,2.7750000,2.7750000,2
20210226,182000,2.7700000,2.7700000,2.7700000,2.7700000,2
20210226,183000,2.7700000,2.7700000,2.7700000,2.7700000,1
20210226,190000,2.7700000,2.7750000,2.7700000,2.7750000,3
20210226,191000,2.7750000,2.7750000,2.7750000,2.7750000,4
20210226,192000,2.7700000,2.7700000,2.7700000,2.7700000,1
20210226,193000,2.7650000,2.7650000,2.7650000,2.7650000,1
20210226,194000,2.7600000,2.7650000,2.7600000,2.7650000,6
20210226,195000,2.7750000,2.7850000,2.7750000,2.7850000,5
20210226,200000,2.7900000,2.7900000,2.7900000,2.7900000,1
20210226,201000,2.7950000,2.7950000,2.7900000,2.7950000,8
20210226,202000,2.7950000,2.8000000,2.7950000,2.8000000,2
20210226,204000,2.8000000,2.8050000,2.8000000,2.8050000,3
20210226,205000,2.8050000,2.8100000,2.8050000,2.8100000,9
20210226,210000,2.8150000,2.8200000,2.8100000,2.8100000,6
20210226,211000,2.8100000,2.8100000,2.8100000,2.8100000,2
20210226,212000,2.8050000,2.8150000,2.8050000,2.8150000,2
20210226,213000,2.8200000,2.8200000,2.8000000,2.8000000,16
20210226,214000,2.8000000,2.8050000,2.8000000,2.8050000,6
20210226,215000,2.8050000,2.8050000,2.8050000,2.8050000,1
20210226,220000,2.8050000,2.8050000,2.8050000,2.8050000,1
20210226,221000,2.8100000,2.8150000,2.8100000,2.8150000,3
20210226,222000,2.8050000,2.8050000,2.8050000,2.8050000,2
20210226,223000,2.8050000,2.8100000,2.8050000,2.8050000,14
20210226,224000,2.8050000,2.8050000,2.7950000,2.7950000,4
20210226,225000,2.8100000,2.8100000,2.8000000,2.8000000,5
20210226,230000,2.8000000,2.8000000,2.8000000,2.8000000,3
20210226,231000,2.8000000,2.8000000,2.8000000,2.8000000,3
20210226,234000,2.8000000,2.8000000,2.8000000,2.8000000,1
20210227,001000,2.8050000,2.8050000,2.8050000,2.8050000,2
20210227,002000,2.8100000,2.8100000,2.8100000,2.8100000,2
20210227,003000,2.8050000,2.8050000,2.8050000,2.8050000,4
20210227,004000,2.8050000,2.8050000,2.8050000,2.8050000,2
20210227,005000,2.8100000,2.8100000,2.8100000,2.8100000,4
20210227,015000,2.8100000,2.8100000,2.8100000,2.8100000,1
20210301,021000,2.8300000,2.8300000,2.8150000,2.8250000,10
20210301,022000,2.8250000,2.8250000,2.8250000,2.8250000,1
20210301,023000,2.8300000,2.8300000,2.8300000,2.8300000,8
20210301,024000,2.8250000,2.8250000,2.8250000,2.8250000,1
20210301,025000,2.8250000,2.8250000,2.8250000,2.8250000,1
20210301,030000,2.8300000,2.8300000,2.8300000,2.8300000,1
20210301,031000,2.8350000,2.8350000,2.8350000,2.8350000,2
20210301,032000,2.8400000,2.8400000,2.8400000,2.8400000,1
20210301,034000,2.8450000,2.8450000,2.8350000,2.8350000,6
20210301,035000,2.8400000,2.8400000,2.8400000,2.8400000,3
20210301,040000,2.8400000,2.8400000,2.8400000,2.8400000,1
20210301,041000,2.8350000,2.8350000,2.8300000,2.8300000,4
20210301,043000,2.8250000,2.8250000,2.8250000,2.8250000,1
20210301,044000,2.8300000,2.8300000,2.8300000,2.8300000,1
20210301,050000,2.8350000,2.8350000,2.8350000,2.8350000,1
20210301,052000,2.8350000,2.8350000,2.8350000,2.8350000,6
20210301,054000,2.8300000,2.8300000,2.8300000,2.8300000,2
20210301,055000,2.8250000,2.8250000,2.8250000,2.8250000,3
20210301,060000,2.8250000,2.8250000,2.8250000,2.8250000,1
20210301,061000,2.8250000,2.8250000,2.8250000,2.8250000,3
20210301,062000,2.8250000,2.8250000,2.8250000,2.8250000,2
20210301,074000,2.8250000,2.8250000,2.8250000,2.8250000,4
20210301,084000,2.8250000,2.8250000,2.8250000,2.8250000,2
20210301,085000,2.8250000,2.8250000,2.8250000,2.8250000,3
20210301,093000,2.8200000,2.8200000,2.8150000,2.8150000,3
20210301,094000,2.8150000,2.8150000,2.8150000,2.8150000,2
20210301,102000,2.8300000,2.8350000,2.8300000,2.8350000,7
20210301,103000,2.8300000,2.8300000,2.8300000,2.8300000,2
20210301,104000,2.8200000,2.8200000,2.8200000,2.8200000,4
20210301,111000,2.8150000,2.8200000,2.8150000,2.8200000,4
20210301,112000,2.8200000,2.8200000,2.8200000,2.8200000,2
20210301,114000,2.8250000,2.8300000,2.8250000,2.8300000,2
20210301,123000,2.8150000,2.8150000,2.8150000,2.8150000,2
20210301,130000,2.8250000,2.8250000,2.8250000,2.8250000,1
20210301,132000,2.8250000,2.8250000,2.8250000,2.8250000,2
20210301,134000,2.8200000,2.8250000,2.8200000,2.8250000,4
20210301,135000,2.8300000,2.8300000,2.8300000,2.8300000,2
20210301,140000,2.8300000,2.8300000,2.8300000,2.8300000,3
20210301,141000,2.8350000,2.8350000,2.8350000,2.8350000,1
20210301,142000,2.8250000,2.8250000,2.8250000,2.8250000,6
20210301,145000,2.8150000,2.8150000,2.8150000,2.8150000,8
20210301,151000,2.8250000,2.8250000,2.8250000,2.8250000,1
20210301,152000,2.8200000,2.8200000,2.8200000,2.8200000,1
20210301,154000,2.8200000,2.8200000,2.8200000,2.8200000,7
20210301,155000,2.8100000,2.8100000,2.8050000,2.8050000,6
20210301,160000,2.8050000,2.8050000,2.7950000,2.7950000,6
20210301,161000,2.7950000,2.7950000,2.7700000,2.7800000,24
20210301,162000,2.7850000,2.7900000,2.7850000,2.7900000,4
20210301,163000,2.7900000,2.7900000,2.7900000,2.7900000,2
20210301,164000,2.7900000,2.7900000,2.7900000,2.7900000,1
20210301,165000,2.7850000,2.7900000,2.7850000,2.7850000,6
20210301,170000,2.7800000,2.7800000,2.7800000,2.7800000,5
20210301,171000,2.7900000,2.8000000,2.7800000,2.7950000,16
20210301,172000,2.7950000,2.7950000,2.7850000,2.7850000,12
20210301,174000,2.7800000,2.7900000,2.7800000,2.7900000,3
20210301,175000,2.7900000,2.8000000,2.7900000,2.8000000,8
20210301,181000,2.7950000,2.7950000,2.7900000,2.7900000,2
20210301,182000,2.8050000,2.8100000,2.8050000,2.8050000,6
20210301,183000,2.8100000,2.8100000,2.8050000,2.8050000,15
20210301,184000,2.8150000,2.8200000,2.8100000,2.8100000,11
20210301,185000,2.8150000,2.8200000,2.8150000,2.8200000,2
20210301,190000,2.8150000,2.8150000,2.8150000,2.8150000,8
20210301,191000,2.8150000,2.8150000,2.8100000,2.8100000,2
20210301,192000,2.8150000,2.8150000,2.8150000,2.8150000,1
20210301,193000,2.8150000,2.8150000,2.8150000,2.8150000,2
20210301,194000,2.8150000,2.8150000,2.8100000,2.8100000,5
20210301,195000,2.8100000,2.8100000,2.8050000,2.8050000,2
20210301,201000,2.8000000,2.8000000,2.8000000,2.8000000,1
20210301,205000,2.8050000,2.8050000,2.8050000,2.8050000,1
20210301,210000,2.8050000,2.8050000,2.8050000,2.8050000,2
20210301,211000,2.8050000,2.8050000,2.8050000,2.8050000,11
20210301,212000,2.8050000,2.8050000,2.7950000,2.7950000,5
20210301,213000,2.7900000,2.7900000,2.7900000,2.7900000,2
20210301,214000,2.7950000,2.7950000,2.7950000,2.7950000,1
20210301,215000,2.7900000,2.7900000,2.7900000,2.7900000,1
20210301,220000,2.7950000,2.7950000,2.7950000,2.7950000,3
20210301,221000,2.8000000,2.8000000,2.8000000,2.8000000,1
20210301,222000,2.8050000,2.8050000,2.8050000,2.8050000,1
20210301,223000,2.8150000,2.8200000,2.8150000,2.8200000,11
20210301,224000,2.8250000,2.8250000,2.8150000,2.8180000,8
20210301,225000,2.8150000,2.8150000,2.8150000,2.8150000,3
20210301,232000,2.8200000,2.8200000,2.8200000,2.8200000,1
20210301,235000,2.8200000,2.8200000,2.8200000,2.8200000,1
20210302,000000,2.8150000,2.8150000,2.8150000,2.8150000,4
20210302,002000,2.8150000,2.8150000,2.8150000,2.8150000,1
20210302,003000,2.8150000,2.8200000,2.8150000,2.8200000,3
20210302,004000,2.8200000,2.8200000,2.8200000,2.8200000,3
20210302,015000,2.8200000,2.8200000,2.8200000,2.8200000,1
20210302,021000,2.8300000,2.8350000,2.8300000,2.8350000,4
20210302,022000,2.8300000,2.8300000,2.8200000,2.8200000,4
20210302,024000,2.8200000,2.8200000,2.8200000,2.8200000,4
20210302,033000,2.8200000,2.8200000,2.8200000,2.8200000,1
20210302,034000,2.8150000,2.8150000,2.8150000,2.8150000,1
20210302,035000,2.8150000,2.8150000,2.8150000,2.8150000,1
20210302,041000,2.8150000,2.8150000,2.8150000,2.8150000,1
20210302,052000,2.8150000,2.8150000,2.8150000,2.8150000,2
20210302,054000,2.8200000,2.8200000,2.8200000,2.8200000,1
20210302,060000,2.8150000,2.8150000,2.8150000,2.8150000,4
20210302,072000,2.8150000,2.8150000,2.8150000,2.8150000,1
20210302,084000,2.8050000,2.8050000,2.8000000,2.8000000,6
20210302,085000,2.8000000,2.8000000,2.8000000,2.8000000,6
20210302,093000,2.8100000,2.8100000,2.8100000,2.8100000,3
20210302,094000,2.8100000,2.8100000,2.8100000,2.8100000,1
20210302,102000,2.8150000,2.8150000,2.8150000,2.8150000,2
20210302,103000,2.8200000,2.8250000,2.8200000,2.8250000,8
20210302,104000,2.8200000,2.8250000,2.8200000,2.8250000,6
20210302,110000,2.8200000,2.8200000,2.8200000,2.8200000,3
20210302,111000,2.8250000,2.8250000,2.8250000,2.8250000,1
20210302,112000,2.8200000,2.8200000,2.8200000,2.8200000,1
20210302,115000,2.8200000,2.8200000,2.8200000,2.8200000,1
20210302,124000,2.8250000,2.8250000,2.8250000,2.8250000,2
20210302,131000,2.8200000,2.8200000,2.8200000,2.8200000,5
20210302,132000,2.8200000,2.8200000,2.8200000,2.8200000,2
20210302,133000,2.8300000,2.8300000,2.8300000,2.8300000,10
20210302,134000,2.8300000,2.8300000,2.8300000,2.8300000,3
20210302,144000,2.8350000,2.8400000,2.8350000,2.8400000,6
20210302,145000,2.8400000,2.8400000,2.8350000,2.8350000,6
20210302,150000,2.8300000,2.8300000,2.8300000,2.8300000,2
20210302,151000,2.8400000,2.8400000,2.8400000,2.8400000,1
20210302,152000,2.8400000,2.8550000,2.8400000,2.8400000,19
20210302,153000,2.8350000,2.8350000,2.8350000,2.8350000,1
20210302,154000,2.8400000,2.8400000,2.8300000,2.8300000,9
20210302,160000,2.8400000,2.8400000,2.8400000,2.8400000,2
20210302,161000,2.8350000,2.8350000,2.8350000,2.8350000,2
20210302,162000,2.8450000,2.8550000,2.8450000,2.8550000,9
20210302,163000,2.8500000,2.8550000,2.8500000,2.8550000,3
20210302,164000,2.8550000,2.8550000,2.8500000,2.8500000,6
20210302,165000,2.8500000,2.8550000,2.8500000,2.8550000,10
20210302,170000,2.8600000,2.8600000,2.8500000,2.8550000,10
20210302,171000,2.8650000,2.8650000,2.8450000,2.8500000,9
20210302,172000,2.8400000,2.8400000,2.8400000,2.8400000,4
20210302,173000,2.8400000,2.8400000,2.8400000,2.8400000,1
20210302,174000,2.8350000,2.8350000,2.8350000,2.8350000,5
20210302,175000,2.8400000,2.8400000,2.8350000,2.8350000,3
20210302,180000,2.8350000,2.8400000,2.8350000,2.8400000,2
20210302,181000,2.8450000,2.8550000,2.8450000,2.8550000,18
20210302,182000,2.8600000,2.8700000,2.8600000,2.8700000,18
20210302,183000,2.8700000,2.8750000,2.8700000,2.8700000,20
20210302,184000,2.8750000,2.8800000,2.8700000,2.8800000,17
20210302,185000,2.8800000,2.8900000,2.8800000,2.8800000,22
20210302,190000,2.8850000,2.8850000,2.8800000,2.8800000,5
20210302,191000,2.8850000,2.8850000,2.8850000,2.8850000,4
20210302,192000,2.8800000,2.8800000,2.8750000,2.8750000,10
20210302,193000,2.8650000,2.8700000,2.8650000,2.8700000,4
20210302,194000,2.8750000,2.8750000,2.8700000,2.8700000,2
20210302,200000,2.8850000,2.8850000,2.8850000,2.8850000,1
20210302,201000,2.8800000,2.8850000,2.8800000,2.8850000,9
20210302,205000,2.8750000,2.8750000,2.8750000,2.8750000,3
20210302,210000,2.8750000,2.8800000,2.8750000,2.8800000,30
20210302,213000,2.8700000,2.8700000,2.8700000,2.8700000,4
20210302,214000,2.8650000,2.8650000,2.8650000,2.8650000,3
20210302,215000,2.8550000,2.8550000,2.8550000,2.8550000,10
20210302,220000,2.8550000,2.8600000,2.8550000,2.8600000,9
20210302,221000,2.8600000,2.8600000,2.8550000,2.8600000,8
20210302,222000,2.8550000,2.8700000,2.8550000,2.8700000,9
20210302,223000,2.8600000,2.8750000,2.8600000,2.8750000,8
20210302,224000,2.8750000,2.8750000,2.8700000,2.8750000,10
20210302,225000,2.8800000,2.8800000,2.8800000,2.8800000,2
20210302,230000,2.8800000,2.8800000,2.8800000,2.8800000,3
20210302,235000,2.8800000,2.8800000,2.8800000,2.8800000,1
20210303,004000,2.8800000,2.8800000,2.8800000,2.8800000,5
20210303,005000,2.8850000,2.8850000,2.8850000,2.8850000,3
20210303,021000,2.8850000,2.8850000,2.8850000,2.8850000,1
20210303,022000,2.8800000,2.8800000,2.8800000,2.8800000,6
20210303,024000,2.8800000,2.8800000,2.8800000,2.8800000,1
20210303,025000,2.8800000,2.8800000,2.8800000,2.8800000,1
20210303,030000,2.8800000,2.8800000,2.8800000,2.8800000,1
20210303,032000,2.8800000,2.8800000,2.8800000,2.8800000,1
20210303,040000,2.8800000,2.8800000,2.8800000,2.8800000,4
20210303,041000,2.8800000,2.8800000,2.8800000,2.8800000,1
20210303,050000,2.8850000,2.8850000,2.8850000,2.8850000,2
20210303,061000,2.8750000,2.8750000,2.8750000,2.8750000,1
20210303,064000,2.8750000,2.8750000,2.8750000,2.8750000,2
20210303,065000,2.8700000,2.8700000,2.8700000,2.8700000,2
20210303,070000,2.8750000,2.8750000,2.8750000,2.8750000,1
20210303,072000,2.8800000,2.8800000,2.8800000,2.8800000,2
20210303,083000,2.8850000,2.8850000,2.8850000,2.8850000,2
20210303,084000,2.8750000,2.8750000,2.8650000,2.8650000,25
20210303,085000,2.8900000,2.8900000,2.8800000,2.8800000,8
20210303,094000,2.8850000,2.8850000,2.8850000,2.8850000,1
20210303,100000,2.8850000,2.8900000,2.8850000,2.8900000,11
20210303,101000,2.8950000,2.9050000,2.8950000,2.9050000,7
20210303,102000,2.9000000,2.9000000,2.9000000,2.9000000,1
20210303,103000,2.9000000,2.9050000,2.9000000,2.9050000,5
20210303,104000,2.9050000,2.9050000,2.9050000,2.9050000,2
20210303,105000,2.9100000,2.9100000,2.9000000,2.9050000,12
20210303,110000,2.9000000,2.9050000,2.9000000,2.9000000,7
20210303,111000,2.9000000,2.9000000,2.9000000,2.9000000,1
20210303,114000,2.9050000,2.9050000,2.9000000,2.9000000,3
20210303,115000,2.9000000,2.9000000,2.8950000,2.8950000,4
20210303,120000,2.8900000,2.8900000,2.8900000,2.8900000,2
20210303,130000,2.8900000,2.8900000,2.8900000,2.8900000,1
20210303,131000,2.8850000,2.8850000,2.8850000,2.8850000,1
20210303,140000,2.9000000,2.9000000,2.8950000,2.8950000,3
20210303,141000,2.8850000,2.8850000,2.8850000,2.8850000,4
20210303,142000,2.8950000,2.9100000,2.8950000,2.9100000,4
20210303,143000,2.9050000,2.9050000,2.9050000,2.9050000,1
20210303,153000,2.8950000,2.8950000,2.8850000,2.8900000,13
20210303,154000,2.8950000,2.9050000,2.8950000,2.9050000,7
20210303,155000,2.9100000,2.9150000,2.9050000,2.9100000,11
20210303,161000,2.9000000,2.9000000,2.9000000,2.9000000,3
20210303,162000,2.9050000,2.9050000,2.9050000,2.9050000,1
20210303,163000,2.8950000,2.9100000,2.8950000,2.9100000,5
20210303,164000,2.9100000,2.9100000,2.9050000,2.9050000,7
20210303,165000,2.8900000,2.8900000,2.8750000,2.8800000,10
20210303,170000,2.8700000,2.8750000,2.8600000,2.8750000,26
20210303,171000,2.8750000,2.8800000,2.8700000,2.8800000,6
20210303,172000,2.8850000,2.8850000,2.8800000,2.8800000,7
20210303,173000,2.8750000,2.8750000,2.8750000,2.8750000,4
20210303,174000,2.8800000,2.8800000,2.8800000,2.8800000,2
20210303,175000,2.8850000,2.8850000,2.8850000,2.8850000,4
20210303,181000,2.8850000,2.8850000,2.8800000,2.8850000,3
20210303,182000,2.8850000,2.8900000,2.8850000,2.8850000,10
20210303,183000,2.8850000,2.8850000,2.8850000,2.8850000,1
20210303,184000,2.8800000,2.8800000,2.8700000,2.8700000,16
20210303,185000,2.8700000,2.8700000,2.8700000,2.8700000,1
20210303,190000,2.8750000,2.8750000,2.8750000,2.8750000,11
20210303,191000,2.8800000,2.8800000,2.8650000,2.8650000,6
20210303,192000,2.8650000,2.8650000,2.8550000,2.8550000,11
20210303,193000,2.8650000,2.8650000,2.8650000,2.8650000,2
20210303,195000,2.8600000,2.8650000,2.8600000,2.8650000,15
20210303,200000,2.8650000,2.8650000,2.8650000,2.8650000,8
20210303,204000,2.8650000,2.8650000,2.8650000,2.8650000,2
20210303,205000,2.8650000,2.8650000,2.8650000,2.8650000,1
20210303,210000,2.8700000,2.8700000,2.8700000,2.8700000,1
20210303,211000,2.8600000,2.8600000,2.8600000,2.8600000,4
20210303,213000,2.8650000,2.8700000,2.8650000,2.8700000,4
20210303,214000,2.8650000,2.8650000,2.8650000,2.8650000,8
20210303,215000,2.8650000,2.8750000,2.8650000,2.8750000,4
20210303,221000,2.8550000,2.8550000,2.8550000,2.8550000,3
20210303,222000,2.8600000,2.8600000,2.8600000,2.8600000,2
20210303,223000,2.8550000,2.8550000,2.8450000,2.8500000,23
20210303,224000,2.8450000,2.8500000,2.8400000,2.8400000,11
20210303,225000,2.8500000,2.8500000,2.8450000,2.8450000,4
20210303,230000,2.8450000,2.8450000,2.8450000,2.8450000,2
20210303,231000,2.8500000,2.8500000,2.8500000,2.8500000,1
20210303,234000,2.8450000,2.8450000,2.8450000,2.8450000,1
20210304,001000,2.8450000,2.8500000,2.8450000,2.8500000,10
20210304,004000,2.8450000,2.8450000,2.8450000,2.8450000,6
20210304,005000,2.8450000,2.8450000,2.8400000,2.8400000,2
20210304,015000,2.8500000,2.8500000,2.8500000,2.8500000,1
20210304,021000,2.8350000,2.8350000,2.8350000,2.8350000,1
20210304,022000,2.8350000,2.8350000,2.8350000,2.8350000,1
20210304,025000,2.8350000,2.8350000,2.8350000,2.8350000,6
20210304,030000,2.8350000,2.8350000,2.8300000,2.8300000,3
20210304,031000,2.8350000,2.8350000,2.8350000,2.8350000,1
20210304,061000,2.8400000,2.8400000,2.8400000,2.8400000,1
20210304,065000,2.8350000,2.8350000,2.8350000,2.8350000,2
20210304,074000,2.8350000,2.8350000,2.8350000,2.8350000,1
20210304,075000,2.8400000,2.8400000,2.8400000,2.8400000,1
20210304,080000,2.8400000,2.8400000,2.8400000,2.8400000,1
20210304,083000,2.8350000,2.8350000,2.8300000,2.8300000,9
20210304,084000,2.8250000,2.8250000,2.8200000,2.8200000,8
20210304,092000,2.8300000,2.8300000,2.8300000,2.8300000,4
20210304,095000,2.8200000,2.8300000,2.8200000,2.8300000,4
20210304,100000,2.8300000,2.8300000,2.8300000,2.8300000,1
20210304,101000,2.8350000,2.8350000,2.8350000,2.8350000,3
20210304,102000,2.8350000,2.8350000,2.8350000,2.8350000,4
20210304,103000,2.8350000,2.8400000,2.8350000,2.8400000,8
20210304,104000,2.8500000,2.8500000,2.8500000,2.8500000,6
20210304,110000,2.8500000,2.8550000,2.8500000,2.8550000,7
20210304,111000,2.8550000,2.8550000,2.8550000,2.8550000,1
20210304,114000,2.8550000,2.8550000,2.8550000,2.8550000,1
20210304,120000,2.8450000,2.8500000,2.8450000,2.8500000,2
20210304,122000,2.8500000,2.8500000,2.8500000,2.8500000,3
20210304,123000,2.8450000,2.8450000,2.8450000,2.8450000,1
20210304,130000,2.8350000,2.8350000,2.8350000,2.8350000,6
20210304,131000,2.8350000,2.8350000,2.8350000,2.8350000,6
20210304,132000,2.8300000,2.8300000,2.8250000,2.8300000,21
20210304,133000,2.8350000,2.8350000,2.8350000,2.8350000,7
20210304,134000,2.8350000,2.8400000,2.8350000,2.8400000,5
20210304,140000,2.8400000,2.8400000,2.8400000,2.8400000,2
20210304,144000,2.8400000,2.8400000,2.8400000,2.8400000,3
20210304,145000,2.8300000,2.8300000,2.8300000,2.8300000,4
20210304,150000,2.8300000,2.8300000,2.8300000,2.8300000,3
20210304,151000,2.8200000,2.8200000,2.8200000,2.8200000,5
20210304,152000,2.8250000,2.8250000,2.8250000,2.8250000,4
20210304,153000,2.8200000,2.8200000,2.8150000,2.8150000,5
20210304,155000,2.8150000,2.8150000,2.8150000,2.8150000,1
20210304,160000,2.8250000,2.8250000,2.8250000,2.8250000,4
20210304,161000,2.8250000,2.8300000,2.8250000,2.8300000,4
20210304,163000,2.8200000,2.8200000,2.8200000,2.8200000,1
20210304,164000,2.8200000,2.8200000,2.8150000,2.8150000,9
20210304,165000,2.8250000,2.8250000,2.8250000,2.8250000,1
20210304,170000,2.8200000,2.8200000,2.8150000,2.8150000,5
20210304,171000,2.8100000,2.8150000,2.8000000,2.8000000,28
20210304,172000,2.7950000,2.8100000,2.7900000,2.8100000,12
20210304,173000,2.8100000,2.8100000,2.8100000,2.8100000,1
20210304,174000,2.8050000,2.8050000,2.8000000,2.8000000,13
20210304,175000,2.8000000,2.8000000,2.7950000,2.8000000,14
20210304,180000,2.8000000,2.8000000,2.8000000,2.8000000,9
20210304,181000,2.8000000,2.8050000,2.8000000,2.8050000,10
20210304,182000,2.8000000,2.8000000,2.8000000,2.8000000,1
20210304,183000,2.8000000,2.8100000,2.7950000,2.7950000,11
20210304,184000,2.7900000,2.7900000,2.7300000,2.7700000,48
20210304,185000,2.7650000,2.7950000,2.7600000,2.7950000,13
20210304,190000,2.7900000,2.7950000,2.7850000,2.7850000,11
20210304,191000,2.7850000,2.7950000,2.7850000,2.7900000,11
20210304,192000,2.7950000,2.7950000,2.7900000,2.7900000,8
20210304,193000,2.7900000,2.7900000,2.7850000,2.7850000,5
20210304,194000,2.7800000,2.7800000,2.7700000,2.7700000,4
20210304,195000,2.7750000,2.7800000,2.7750000,2.7800000,3
20210304,200000,2.7850000,2.7900000,2.7850000,2.7900000,5
20210304,204000,2.7800000,2.7800000,2.7750000,2.7750000,10
20210304,205000,2.7700000,2.7750000,2.7700000,2.7750000,11
20210304,210000,2.7750000,2.7750000,2.7700000,2.7700000,3
20210304,211000,2.7800000,2.7800000,2.7800000,2.7800000,8
20210304,212000,2.7800000,2.7800000,2.7750000,2.7750000,7
20210304,213000,2.7750000,2.7850000,2.7750000,2.7850000,9
20210304,214000,2.7900000,2.7900000,2.7900000,2.7900000,4
20210304,215000,2.7850000,2.7850000,2.7850000,2.7850000,8
20210304,221000,2.7850000,2.7900000,2.7850000,2.7900000,12
20210304,222000,2.7900000,2.7900000,2.7900000,2.7900000,1
20210304,223000,2.7800000,2.7800000,2.7750000,2.7800000,18
20210304,224000,2.7800000,2.7850000,2.7750000,2.7850000,10
20210304,232000,2.7800000,2.7850000,2.7800000,2.7850000,11
20210304,234000,2.7800000,2.7800000,2.7800000,2.7800000,1
20210304,235000,2.7800000,2.7800000,2.7800000,2.7800000,2
20210305,000000,2.7800000,2.7800000,2.7800000,2.7800000,5
20210305,001000,2.7800000,2.7800000,2.7800000,2.7800000,1
20210305,004000,2.7800000,2.7800000,2.7800000,2.7800000,10
20210305,015000,2.7800000,2.7800000,2.7800000,2.7800000,2
20210305,030000,2.7800000,2.7800000,2.7800000,2.7800000,1
20210305,043000,2.7650000,2.7650000,2.7650000,2.7650000,1
20210305,052000,2.7600000,2.7600000,2.7600000,2.7600000,1
20210305,070000,2.7650000,2.7650000,2.7650000,2.7650000,1
20210305,071000,2.7600000,2.7600000,2.7550000,2.7550000,4
20210305,092000,2.7600000,2.7600000,2.7600000,2.7600000,1
20210305,094000,2.7600000,2.7600000,2.7600000,2.7600000,3
20210305,100000,2.7600000,2.7600000,2.7550000,2.7550000,7
20210305,102000,2.7500000,2.7500000,2.7500000,2.7500000,2
20210305,103000,2.7500000,2.7500000,2.7500000,2.7500000,2
20210305,105000,2.7550000,2.7550000,2.7550000,2.7550000,2
20210305,110000,2.7600000,2.7600000,2.7600000,2.7600000,1
20210305,112000,2.7600000,2.7600000,2.7550000,2.7550000,2
20210305,115000,2.7550000,2.7550000,2.7550000,2.7550000,3
20210305,120000,2.7550000,2.7550000,2.7550000,2.7550000,2
20210305,121000,2.7550000,2.7550000,2.7550000,2.7550000,1
20210305,134000,2.7750000,2.7750000,2.7750000,2.7750000,5
20210305,135000,2.7700000,2.7700000,2.7700000,2.7700000,2
20210305,145000,2.7750000,2.7800000,2.7750000,2.7800000,6
20210305,150000,2.7800000,2.7800000,2.7800000,2.7800000,1
20210305,152000,2.7750000,2.7750000,2.7650000,2.7650000,2
20210305,154000,2.7600000,2.7600000,2.7600000,2.7600000,3
20210305,155000,2.7650000,2.7800000,2.7650000,2.7800000,3
20210305,161000,2.7800000,2.7800000,2.7800000,2.7800000,3
20210305,162000,2.7800000,2.7800000,2.7800000,2.7800000,1
20210305,163000,2.7750000,2.7750000,2.7700000,2.7700000,4
20210305,164000,2.7700000,2.7700000,2.7600000,2.7650000,10
20210305,165000,2.7650000,2.7650000,2.7650000,2.7650000,3
20210305,170000,2.7550000,2.7550000,2.7550000,2.7550000,2
20210305,171000,2.7600000,2.7700000,2.7600000,2.7700000,6
20210305,172000,2.7650000,2.7800000,2.7650000,2.7800000,7
20210305,173000,2.7750000,2.7800000,2.7750000,2.7800000,4
20210305,174000,2.7800000,2.7850000,2.7750000,2.7800000,9
20210305,175000,2.7800000,2.7850000,2.7800000,2.7800000,13
20210305,180000,2.7800000,2.7800000,2.7750000,2.7750000,9
20210305,181000,2.7750000,2.7750000,2.7750000,2.7750000,3
20210305,183000,2.7700000,2.7700000,2.7700000,2.7700000,2
20210305,185000,2.7550000,2.7550000,2.7450000,2.7450000,4
20210305,190000,2.7450000,2.7450000,2.7400000,2.7400000,5
20210305,191000,2.7400000,2.7400000,2.7350000,2.7350000,14
20210305,192000,2.7400000,2.7400000,2.7350000,2.7350000,17
20210305,193000,2.7400000,2.7400000,2.7350000,2.7350000,11
20210305,195000,2.7350000,2.7350000,2.7350000,2.7350000,4
20210305,200000,2.7350000,2.7350000,2.7250000,2.7300000,8
20210305,201000,2.7250000,2.7250000,2.7250000,2.7250000,1
20210305,202000,2.7350000,2.7350000,2.7350000,2.7350000,5
20210305,203000,2.7300000,2.7300000,2.7250000,2.7250000,4
20210305,204000,2.7250000,2.7250000,2.7250000,2.7250000,3
20210305,205000,2.7300000,2.7300000,2.7300000,2.7300000,3
20210305,211000,2.7300000,2.7300000,2.7300000,2.7300000,1
20210305,212000,2.7250000,2.7250000,2.7200000,2.7200000,6
20210305,215000,2.7250000,2.7250000,2.7250000,2.7250000,4
20210305,221000,2.7300000,2.7350000,2.7300000,2.7350000,5
20210305,222000,2.7400000,2.7400000,2.7350000,2.7400000,12
20210305,223000,2.7400000,2.7450000,2.7400000,2.7400000,17
20210305,224000,2.7400000,2.7400000,2.7350000,2.7350000,12
20210305,225000,2.7350000,2.7350000,2.7350000,2.7350000,1
20210305,231000,2.7400000,2.7400000,2.7400000,2.7400000,2
20210306,001000,2.7400000,2.7400000,2.7400000,2.7400000,2
20210306,003000,2.7350000,2.7350000,2.7350000,2.7350000,3
20210306,004000,2.7350000,2.7350000,2.7350000,2.7350000,1
20210306,015000,2.7400000,2.7400000,2.7400000,2.7400000,1
20210308,021000,2.7300000,2.7300000,2.7300000,2.7300000,5
20210308,022000,2.7450000,2.7450000,2.7450000,2.7450000,2
20210308,023000,2.7400000,2.7450000,2.7400000,2.7450000,3
20210308,030000,2.7450000,2.7450000,2.7450000,2.7450000,2
20210308,031000,2.7450000,2.7450000,2.7450000,2.7450000,1
20210308,033000,2.7450000,2.7450000,2.7450000,2.7450000,1
20210308,041000,2.7400000,2.7400000,2.7400000,2.7400000,1
20210308,051000,2.7500000,2.7500000,2.7500000,2.7500000,3
20210308,052000,2.7450000,2.7450000,2.7450000,2.7450000,2
20210308,060000,2.7450000,2.7450000,2.7450000,2.7450000,1
20210308,063000,2.7450000,2.7450000,2.7450000,2.7450000,1
20210308,083000,2.7450000,2.7450000,2.7450000,2.7450000,4
20210308,084000,2.7450000,2.7450000,2.7450000,2.7450000,2
20210308,085000,2.7500000,2.7500000,2.7500000,2.7500000,1
20210308,090000,2.7550000,2.7550000,2.7550000,2.7550000,2
20210308,091000,2.7650000,2.7700000,2.7650000,2.7700000,4
20210308,092000,2.7700000,2.7700000,2.7700000,2.7700000,2
20210308,093000,2.7650000,2.7650000,2.7650000,2.7650000,1
20210308,094000,2.7650000,2.7700000,2.7650000,2.7700000,3
20210308,095000,2.7650000,2.7650000,2.7600000,2.7600000,4
20210308,104000,2.7550000,2.7550000,2.7550000,2.7550000,1
20210308,110000,2.7500000,2.7500000,2.7500000,2.7500000,21
20210308,111000,2.7550000,2.7550000,2.7500000,2.7500000,12
20210308,121000,2.7450000,2.7450000,2.7450000,2.7450000,1
20210308,122000,2.7450000,2.7450000,2.7450000,2.7450000,2
20210308,123000,2.7500000,2.7500000,2.7500000,2.7500000,1
20210308,124000,2.7450000,2.7450000,2.7450000,2.7450000,1
20210308,131000,2.7500000,2.7500000,2.7500000,2.7500000,2
20210308,133000,2.7500000,2.7500000,2.7500000,2.7500000,1
20210308,145000,2.7500000,2.7500000,2.7500000,2.7500000,2
20210308,150000,2.7500000,2.7500000,2.7350000,2.7350000,2
20210308,152000,2.7300000,2.7300000,2.7150000,2.7150000,17
20210308,153000,2.7100000,2.7100000,2.7000000,2.7050000,15
20210308,154000,2.7050000,2.7050000,2.7000000,2.7000000,6
20210308,155000,2.7100000,2.7100000,2.7100000,2.7100000,2
20210308,160000,2.7050000,2.7050000,2.7000000,2.7000000,3
20210308,161000,2.7000000,2.7000000,2.6850000,2.6900000,25
20210308,162000,2.6850000,2.6850000,2.6850000,2.6850000,10
20210308,163000,2.6850000,2.6850000,2.6850000,2.6850000,1
20210308,164000,2.6850000,2.6850000,2.6750000,2.6800000,36
20210308,165000,2.6850000,2.6850000,2.6850000,2.6850000,1
20210308,170000,2.6850000,2.6850000,2.6800000,2.6800000,13
20210308,171000,2.6850000,2.6850000,2.6650000,2.6650000,23
20210308,172000,2.6700000,2.6750000,2.6700000,2.6750000,8
20210308,173000,2.6750000,2.6750000,2.6750000,2.6750000,3
20210308,174000,2.6750000,2.6750000,2.6750000,2.6750000,3
20210308,175000,2.6750000,2.6850000,2.6750000,2.6800000,10
20210308,180000,2.6800000,2.6800000,2.6800000,2.6800000,1
20210308,181000,2.6800000,2.6800000,2.6750000,2.6750000,3
20210308,182000,2.6800000,2.6800000,2.6700000,2.6750000,13
20210308,183000,2.6700000,2.6700000,2.6700000,2.6700000,1
20210308,184000,2.6700000,2.6750000,2.6700000,2.6750000,5
20210308,190000,2.6700000,2.6700000,2.6700000,2.6700000,2
20210308,191000,2.6750000,2.6750000,2.6750000,2.6750000,1
20210308,192000,2.6800000,2.6800000,2.6800000,2.6800000,2
20210308,193000,2.6800000,2.6800000,2.6800000,2.6800000,4
20210308,194000,2.6800000,2.6800000,2.6750000,2.6750000,6
20210308,195000,2.6800000,2.6800000,2.6800000,2.6800000,5
20210308,202000,2.6750000,2.6750000,2.6750000,2.6750000,1
20210308,203000,2.6700000,2.6750000,2.6700000,2.6700000,6
20210308,204000,2.6700000,2.6700000,2.6700000,2.6700000,4
20210308,205000,2.6750000,2.6750000,2.6750000,2.6750000,4
20210308,210000,2.6800000,2.6800000,2.6800000,2.6800000,4
20210308,211000,2.6750000,2.6800000,2.6750000,2.6800000,2
20210308,212000,2.6800000,2.6850000,2.6800000,2.6850000,3
20210308,214000,2.6900000,2.6950000,2.6900000,2.6950000,5
20210308,215000,2.6950000,2.6950000,2.6950000,2.6950000,10
20210308,220000,2.6850000,2.6850000,2.6850000,2.6850000,8
20210308,222000,2.6850000,2.6850000,2.6850000,2.6850000,5
20210308,223000,2.6900000,2.6950000,2.6900000,2.6950000,14
20210308,224000,2.7000000,2.7000000,2.6980000,2.6980000,13
20210308,230000,2.7000000,2.7000000,2.7000000,2.7000000,4
20210308,231000,2.7000000,2.7000000,2.7000000,2.7000000,2
20210308,233000,2.6950000,2.6950000,2.6950000,2.6950000,8
20210308,234000,2.6950000,2.6950000,2.6950000,2.6950000,2
20210309,000000,2.7000000,2.7000000,2.7000000,2.7000000,2
20210309,002000,2.6950000,2.7000000,2.6950000,2.7000000,7
20210309,004000,2.7000000,2.7000000,2.6950000,2.6950000,10
20210309,015000,2.7000000,2.7000000,2.7000000,2.7000000,1
20210309,022000,2.7000000,2.7000000,2.7000000,2.7000000,1
20210309,025000,2.7000000,2.7000000,2.7000000,2.7000000,1
20210309,043000,2.7000000,2.7000000,2.7000000,2.7000000,1
20210309,052000,2.6950000,2.6950000,2.6950000,2.6950000,1
20210309,061000,2.6900000,2.6900000,2.6900000,2.6900000,2
20210309,064000,2.6900000,2.6900000,2.6900000,2.6900000,4
20210309,073000,2.6850000,2.6850000,2.6850000,2.6850000,2
20210309,082000,2.6850000,2.6850000,2.6850000,2.6850000,1
20210309,090000,2.6850000,2.6850000,2.6850000,2.6850000,3
20210309,092000,2.6850000,2.6850000,2.6850000,2.6850000,1
20210309,094000,2.6750000,2.6800000,2.6750000,2.6800000,4
20210309,095000,2.6800000,2.6800000,2.6800000,2.6800000,4
20210309,102000,2.6800000,2.6800000,2.6800000,2.6800000,1
20210309,103000,2.6750000,2.6750000,2.6700000,2.6750000,3
20210309,105000,2.6800000,2.6800000,2.6800000,2.6800000,4
20210309,110000,2.6850000,2.6850000,2.6850000,2.6850000,1
20210309,111000,2.6850000,2.6850000,2.6850000,2.6850000,3
20210309,115000,2.6850000,2.6850000,2.6850000,2.6850000,1
20210309,120000,2.6900000,2.6900000,2.6900000,2.6900000,1
20210309,125000,2.6900000,2.6900000,2.6900000,2.6900000,3
20210309,131000,2.6900000,2.6900000,2.6900000,2.6900000,1
20210309,134000,2.7000000,2.7000000,2.7000000,2.7000000,5
20210309,135000,2.7000000,2.7000000,2.7000000,2.7000000,2
20210309,140000,2.7000000,2.7000000,2.6950000,2.7000000,4
20210309,142000,2.6950000,2.6950000,2.6950000,2.6950000,6
20210309,144000,2.7000000,2.7000000,2.6900000,2.6900000,6
20210309,145000,2.6900000,2.6900000,2.6850000,2.6850000,5
20210309,150000,2.6850000,2.6850000,2.6750000,2.6750000,6
20210309,151000,2.6750000,2.6850000,2.6750000,2.6750000,3
20210309,152000,2.6800000,2.6850000,2.6800000,2.6850000,8
20210309,153000,2.6800000,2.6850000,2.6800000,2.6850000,19
20210309,154000,2.6800000,2.6900000,2.6750000,2.6900000,196
20210309,155000,2.6800000,2.6850000,2.6800000,2.6850000,72
20210309,160000,2.6800000,2.6800000,2.6800000,2.6800000,1
20210309,161000,2.6850000,2.6850000,2.6700000,2.6700000,4
20210309,162000,2.6800000,2.6800000,2.6700000,2.6700000,11
20210309,163000,2.6700000,2.6750000,2.6700000,2.6700000,12
20210309,164000,2.6650000,2.6700000,2.6650000,2.6700000,5
20210309,165000,2.6650000,2.6650000,2.6650000,2.6650000,3
20210309,170000,2.6600000,2.6650000,2.6600000,2.6650000,4
20210309,171000,2.6650000,2.6700000,2.6650000,2.6700000,7
20210309,172000,2.6700000,2.6750000,2.6700000,2.6750000,9
20210309,173000,2.6850000,2.6850000,2.6850000,2.6850000,2
20210309,174000,2.6800000,2.6800000,2.6750000,2.6750000,4
20210309,175000,2.6850000,2.6850000,2.6850000,2.6850000,4
20210309,181000,2.6750000,2.6800000,2.6750000,2.6750000,5
20210309,182000,2.6700000,2.6700000,2.6700000,2.6700000,3
20210309,183000,2.6750000,2.6750000,2.6750000,2.6750000,2
20210309,184000,2.6750000,2.6750000,2.6750000,2.6750000,3
20210309,185000,2.6750000,2.6750000,2.6750000,2.6750000,6
20210309,190000,2.6750000,2.6800000,2.6750000,2.6800000,3
20210309,191000,2.6900000,2.6900000,2.6850000,2.6900000,9
20210309,192000,2.6950000,2.6950000,2.6950000,2.6950000,10
20210309,193000,2.6900000,2.6900000,2.6900000,2.6900000,6
20210309,195000,2.6850000,2.6900000,2.6850000,2.6900000,2
20210309,200000,2.6900000,2.6900000,2.6900000,2.6900000,5
20210309,201000,2.6850000,2.6850000,2.6850000,2.6850000,3
20210309,202000,2.6800000,2.6800000,2.6800000,2.6800000,1
20210309,203000,2.6850000,2.6850000,2.6850000,2.6850000,2
20210309,204000,2.6800000,2.6800000,2.6800000,2.6800000,1
20210309,205000,2.6850000,2.6900000,2.6850000,2.6900000,2
20210309,210000,2.6850000,2.6900000,2.6850000,2.6900000,4
20210309,211000,2.6900000,2.6900000,2.6900000,2.6900000,1
20210309,214000,2.6900000,2.6900000,2.6900000,2.6900000,1
20210309,215000,2.6950000,2.6950000,2.6950000,2.6950000,2
20210309,220000,2.6950000,2.6950000,2.6950000,2.6950000,1
20210309,221000,2.7100000,2.7200000,2.7100000,2.7200000,17
20210309,222000,2.7150000,2.7150000,2.7150000,2.7150000,1
20210309,223000,2.7100000,2.7100000,2.6950000,2.6950000,17
20210309,224000,2.6950000,2.6960000,2.6850000,2.6960000,8
20210309,225000,2.6900000,2.6900000,2.6900000,2.6900000,1
20210309,235000,2.6900000,2.6950000,2.6900000,2.6950000,15
20210310,000000,2.7000000,2.7050000,2.7000000,2.7050000,4
